﻿{"cameraMode":{"drawMode":0,"name":"Shaded","section":"Shading Mode"},"sceneLighting":true,"audioPlay":false,"sceneViewState":{"showFog":true,"showMaterialUpdate":false,"showSkybox":true,"showFlares":true,"showImageEffects":true,"showParticleSystems":true},"in2DMode":false,"pivot":{"x":-4.012689590454102,"y":-1.069499135017395,"z":4.130386829376221},"rotation":{"x":-0.16716061532497407,"y":0.33613377809524538,"z":-0.0607527419924736,"w":-0.9248678684234619},"size":22.938764572143556,"orthographic":false}